Mean Distance,STD,CI
3558.0792491947086
3702.594897195934
3573.835659479345
3729.11359279042
3560.1372148125192
