Mean Distance,STD,CI
2993.6828481981393,99.25614119135503,"(2918.8385179507877, 3068.527178445491)"
9307.509486393506,407.11361105348755,"(9000.524495962174, 9614.494476824839)"
