Mean Distance,STD,CI
2966.1805776445553,143.2884962423131,"(2858.133544940244, 3074.2276103488666)"
9451.713035805686,566.7696422741136,"(9024.33903384084, 9879.08703777053)"
7697.0188910712795,310.7406362235515,"(7462.704172408679, 7931.33360973388)"
6906.009501135415,185.34290413469947,"(6766.251241751573, 7045.7677605192575)"
6254.609399861563,174.52124419997534,"(6123.011238989082, 6386.207560734045)"
5865.174374548612,142.22881802819006,"(5757.926394731727, 5972.422354365497)"
