Mean Distance,STD,CI
3169.1482924058223,312.2995296414921,"(2933.658086439441, 3404.6384983722037)"
10213.433867875228,644.9487349902311,"(9727.10873438893, 10699.759001361526)"
8778.84308160172,1005.066170791291,"(8020.970535840327, 9536.715627363114)"
7691.6823867813555,470.72158307195957,"(7336.733653180351, 8046.63112038236)"
7629.873199963091,655.0344862220834,"(7135.942881679874, 8123.803518246308)"
7283.5031218608465,744.3921652291566,"(6722.192432373709, 7844.813811347984)"
