Mean Distance,STD,CI
11708.013788423425,1070.0121961863583,"(10901.168537149028, 12514.859039697822)"
4196.67297915109,142.13508497403518,"(4089.495678967485, 4303.850279334694)"
