Mean Distance,STD,CI
4889.5249886354095,225.87596800637354,"(4719.202675663185, 5059.847301607634)"
6043.90706713039,185.68415992319774,"(5903.891483004455, 6183.922651256325)"
