Mean Distance,STD,CI
2988.0084812105965,105.21646511651626,"(2908.669754476725, 3067.347207944468)"
8052.795871510699,498.25125606711305,"(7677.088322258393, 8428.503420763003)"
6887.429141103263,349.63734302113176,"(6623.7842678109355, 7151.07401439559)"
6431.638587440904,520.1031016673205,"(6039.453601840726, 6823.823573041082)"
6225.333129714598,631.9203634265749,"(5748.832070912159, 6701.834188517037)"
5910.96640316403,331.2418429534636,"(5661.192700618462, 6160.7401057095985)"
