Mean Distance,STD,CI
3549.668464240708
3630.602603030914
3506.649239924862
3534.6141864601677
3551.1349199360966
3592.9736614004883
3533.650447855787
3435.2771447744726
3729.142907393063
3454.552276299782
