Mean Distance,STD,CI
1553.856615267779,65.13100675426467,"(1504.7444241192152, 1602.9688064163429)"
1012.166959047652,59.433447604186895,"(967.3510259795844, 1056.9828921157196)"
447.71403706948405,10.113547636467917,"(440.087892327298, 455.3401818116701)"
