Mean Distance,STD,CI
3453.958622858009,272.148267138694,"(3248.7445722462276, 3659.172673469791)"
9782.068418398538,577.3109176713035,"(9346.745742552299, 10217.391094244776)"
8549.369536789429,571.9093881081244,"(8118.119897206891, 8980.619176371965)"
7657.743145474725,703.3911524485015,"(7127.349367568052, 8188.1369233813975)"
7173.442297769841,437.73002583210325,"(6843.370926675544, 7503.513668864139)"
7035.479090067533,466.90801042833544,"(6683.405990023665, 7387.552190111402)"
