{"linear_m": [[32877.346612283356, 6220.654674845789, 5466.304341831965, 5374.602496498316, 5132.502161828776, 5073.505054175582, 5107.957922968719, 4957.888028102947, 4880.830307397357, 4814.166603252865], [[32341.54454501505, 33413.14867955166], [6108.340338239557, 6332.96901145202], [5323.825730090015, 5608.782953573915], [5208.634224841857, 5540.570768154776], [5041.121190205303, 5223.883133452248], [4919.2017739496, 5227.808334401564], [4993.46281204919, 5222.453033888248], [4866.097270147378, 5049.6787860585155], [4755.205100299357, 5006.4555144953565], [4703.333294202933, 4924.9999123027965]]], "exponential_m": [[5723.816892985805, 5760.211299090706, 6410.326527926236, 6980.173269423793, 7980.171602455355, 9229.828001819144, 11327.733723455318, 14328.004405645042, 19997.592790599785, 6742.448333043748], [[5340.0870279298, 6107.54675804181], [5416.23398973553, 6104.188608445883], [6047.3298898328585, 6773.323166019613], [6495.630363976375, 7464.716174871211], [7545.927896965113, 8414.415307945597], [8856.89316533702, 9602.762838301267], [10710.106218805007, 11945.361228105628], [13105.654774852173, 15550.354036437911], [19336.91302389306, 20658.27255730651], [6618.695158983363, 6866.201507104132]]], "logarithmic_m": [[34302.51074175175, 17400.3623087227, 10884.192725631608, 7852.42776937314, 5904.852073505364, 4860.09378448449, 4370.494603248439, 4015.3897435078097, 3627.9243597566447, 3516.099699303531], [[33526.62965537805, 35078.39182812545], [16680.843402372757, 18119.88121507264], [10590.521111811113, 11177.864339452104], [7697.005968193483, 8007.849570552798], [5721.498174243071, 6088.205972767658], [4689.559142871732, 5030.628426097249], [4235.681035227942, 4505.308171268935], [3908.808745317998, 4121.970741697622], [3505.1874254827894, 3750.6612940305], [3398.7074963883606, 3633.4919022187014]]]}