{"linear_m": [[3979.171705571025, 3100.5837578358796, 2985.0557871849765, 2977.6745488083625, 2976.2161767689036, 2951.8074574670454, 2908.792715822149, 2937.078188028693, 2916.1646039947527, 2926.826109952519], [[3936.458215828764, 4021.885195313286], [3056.056586611545, 3145.1109290602144], [2938.966481073821, 3031.145093296132], [2936.0966938514807, 3019.2524037652443], [2928.5430969372765, 3023.8892566005306], [2925.7555991051945, 2977.8593158288963], [2883.6960190726454, 2933.889412571653], [2905.8430506336313, 2968.313325423755], [2882.7553805448183, 2949.573827444687], [2891.5875148784535, 2962.0647050265843]]], "exponential_m": [[3721.271728949887, 3772.681445107057, 3937.0243747610198, 4109.264521931236, 4209.526191701416, 4668.694262733022, 4941.292145034347, 5620.731016681039, 6583.298199385104, 9121.899972503292], [[3598.24011307779, 3844.303344821984], [3626.3208924710993, 3919.0419977430142], [3783.3251083261475, 4090.723641195892], [3907.1960491018226, 4311.33299476065], [4010.9659076255643, 4408.086475777267], [4450.154978708162, 4887.233546757881], [4725.600205664006, 5156.9840844046885], [5380.647354732534, 5860.814678629545], [6282.769510213632, 6883.826888556577], [8779.947878116749, 9463.852066889835]]], "logarithmic_m": [[33087.385002265975, 8385.916804993813, 4919.116693783294, 3802.546885828039, 3377.1872458648386, 3157.926069721317, 3086.589888010075, 2991.9353855312447, 2971.284183346227, 2976.8759649909903], [[32671.03595974633, 33503.734044785626], [8227.500037073683, 8544.333572913942], [4825.56030722771, 5012.673080338878], [3727.1379623567836, 3877.9558092992947], [3348.021876201351, 3406.352615528326], [3129.2294066105082, 3186.622732832126], [3045.6091910629884, 3127.5705849571614], [2959.6401789240226, 3024.230592138467], [2936.357525138714, 3006.21084155374], [2937.986940469521, 3015.7649895124596]]]}